City,Cloudiness,Country,Date,Humidity,Lat,Lng,Max Temp,Wind Speed
cape town,75,ZA,Mon Apr  1 08:23:11 2019,67,-33.93,18.42,66.99,8.05
kodiak,1,US,Mon Apr  1 08:27:04 2019,50,39.95,-94.76,35.01,9.17
cabo san lucas,0,MX,Mon Apr  1 08:25:39 2019,50,22.89,-109.91,69.01,11.65
yar-sale,0,RU,Mon Apr  1 08:28:46 2019,92,66.83,70.83,27.3,12.66
arraial do cabo,36,BR,Mon Apr  1 08:28:47 2019,100,-22.97,-42.02,72.39,3.6
bluff,0,AU,Mon Apr  1 08:28:47 2019,41,-23.58,149.07,72.39,5.73
talnakh,88,RU,Mon Apr  1 08:28:47 2019,96,69.49,88.39,30.09,7.96
yellowknife,40,CA,Mon Apr  1 08:23:36 2019,74,62.45,-114.38,28.4,18.34
nikolskoye,40,RU,Mon Apr  1 08:26:58 2019,80,59.7,30.79,48,15.66
ribeira grande,40,PT,Mon Apr  1 08:00:00 2019,67,38.52,-28.7,57.2,9.17
kununurra,24,AU,Mon Apr  1 07:30:00 2019,19,-15.77,128.74,95,10.29
castro,90,CL,Mon Apr  1 08:00:00 2019,100,-42.48,-73.76,50,4.7
klyuchi,0,RU,Mon Apr  1 08:28:50 2019,57,52.25,79.17,50.43,3.71
kabare,40,RW,Mon Apr  1 07:00:00 2019,73,-1.65,29.38,75.2,6.93
natal,75,BR,Mon Apr  1 08:00:00 2019,94,-5.81,-35.21,75.2,5.82
mataura,92,NZ,Mon Apr  1 08:20:07 2019,90,-46.19,168.86,46.99,1.01
petropavlovsk-kamchatskiy,40,RU,Mon Apr  1 07:30:00 2019,86,53.05,158.65,30.2,6.71
namatanai,92,PG,Mon Apr  1 08:28:51 2019,100,-3.66,152.44,80.76,8.75
sirsilla,0,IN,Mon Apr  1 08:28:53 2019,25,18.39,78.81,103.08,3.38
georgetown,0,GY,Mon Apr  1 07:00:00 2019,94,6.8,-58.16,69.8,4.7
victoria,75,BN,Mon Apr  1 07:30:00 2019,55,5.28,115.24,87.8,10.29
hermanus,88,ZA,Mon Apr  1 08:16:01 2019,56,-34.42,19.24,63,5.01
nizhniy kuranakh,44,RU,Mon Apr  1 08:28:55 2019,60,58.84,125.49,27.66,2.71
pisco,0,PE,Mon Apr  1 07:00:00 2019,82,-13.71,-76.2,68,11.41
rikitea,80,PF,Mon Apr  1 08:28:55 2019,100,-23.12,-134.97,76.53,13
busselton,92,AU,Mon Apr  1 08:28:09 2019,36,-33.64,115.35,75.99,16.91
kapaa,1,US,Mon Apr  1 08:23:27 2019,68,22.08,-159.32,69.8,8.05
dunedin,0,NZ,Mon Apr  1 08:24:13 2019,61,-45.87,170.5,53.01,14
vaini,40,IN,Mon Apr  1 07:00:00 2019,26,15.34,74.49,95,6.93
santa isabel,92,CO,Mon Apr  1 08:28:57 2019,100,4.71,-75.1,62.4,0.13
san patricio,80,PY,Mon Apr  1 08:28:58 2019,91,-26.98,-56.83,73.65,2.15
east london,40,ZA,Mon Apr  1 08:00:00 2019,56,-33.02,27.91,68,27.51
lebu,75,ET,Mon Apr  1 08:00:00 2019,43,8.96,38.73,69.8,6.93
portland,75,US,Mon Apr  1 08:28:16 2019,66,45.52,-122.67,54,9.17
codrington,0,AU,Mon Apr  1 08:26:02 2019,56,-28.95,153.24,73.4,10.29
werl,0,DE,Mon Apr  1 08:28:15 2019,65,51.55,7.92,50,8.05
hobart,75,AU,Mon Apr  1 08:28:15 2019,54,-42.88,147.33,59,6.93
asyut,0,EG,Mon Apr  1 08:00:00 2019,41,27.18,31.19,59,8.05
jamestown,0,AU,Mon Apr  1 08:28:20 2019,56,-33.21,138.6,62.13,5.06
bardsir,90,IR,Mon Apr  1 08:00:00 2019,20,29.93,56.57,73.4,6.93
airai,88,TL,Mon Apr  1 08:29:01 2019,91,-8.93,125.41,71.85,0.81
saint-philippe,90,CA,Mon Apr  1 08:28:57 2019,86,45.36,-73.48,27,5.82
lagoa,40,PT,Mon Apr  1 08:27:23 2019,77,37.14,-8.45,60.8,3.36
ushuaia,90,AR,Mon Apr  1 07:00:00 2019,100,-54.81,-68.31,44.6,17.22
ukiah,20,US,Mon Apr  1 08:25:33 2019,50,39.15,-123.21,55.4,6.93
saint-pierre,0,FR,Mon Apr  1 08:27:05 2019,58,48.95,4.24,53.6,16.11
port alfred,0,ZA,Mon Apr  1 08:29:04 2019,76,-33.59,26.89,65.91,25.41
buchanan,75,LR,Mon Apr  1 08:00:00 2019,94,5.88,-10.05,78.8,2.26
oriximina,76,BR,Mon Apr  1 08:29:05 2019,98,-1.77,-55.87,74.73,2.37
puerto del rosario,20,ES,Mon Apr  1 08:00:00 2019,77,28.5,-13.86,64.4,3.36
bakchar,0,RU,Mon Apr  1 08:29:05 2019,72,57.02,82.07,38.28,9.75
faanui,8,PF,Mon Apr  1 08:29:05 2019,99,-16.48,-151.75,84.99,3.15
lompoc,1,US,Mon Apr  1 08:28:00 2019,87,34.64,-120.46,62.01,5.84
mwanza,75,TZ,Mon Apr  1 07:00:00 2019,73,-2.52,32.9,75.2,16.11
saint george,0,GR,Mon Apr  1 08:23:21 2019,58,39.45,22.34,59,3.27
chuy,24,UY,Mon Apr  1 08:29:07 2019,96,-33.69,-53.46,66.45,5.95
tuktoyaktuk,32,CA,Mon Apr  1 08:28:29 2019,79,69.44,-133.03,12.72,20.83
monmouth,75,GB,Mon Apr  1 08:24:05 2019,86,51.81,-2.72,44.01,3.36
chokurdakh,0,RU,Mon Apr  1 08:29:08 2019,69,70.62,147.9,11.82,7.96
carnarvon,0,ZA,Mon Apr  1 08:28:26 2019,42,-30.97,22.13,58.17,9.86
gizo,75,IL,Mon Apr  1 08:29:06 2019,87,31.8,34.94,62.01,11.41
jumla,80,NP,Mon Apr  1 08:29:08 2019,70,29.28,82.18,40.44,2.04
port blair,20,IN,Mon Apr  1 07:00:00 2019,58,11.67,92.75,87.8,9.17
kruisfontein,0,ZA,Mon Apr  1 08:29:09 2019,71,-34,24.73,61.14,20.49
morant bay,40,JM,Mon Apr  1 08:00:00 2019,74,17.88,-76.41,78.8,8.05
ingleside,40,CA,Mon Apr  1 08:28:28 2019,62,45,-74.99,25,12.75
bambous virieux,40,MU,Mon Apr  1 08:29:02 2019,70,-20.34,57.76,86,6.93
kaitangata,48,NZ,Mon Apr  1 08:27:21 2019,65,-46.28,169.85,48,15.99
kamenka,64,RU,Mon Apr  1 08:29:11 2019,95,53.19,44.05,35.22,3.83
kurilsk,76,RU,Mon Apr  1 08:29:11 2019,100,45.23,147.88,25.32,16.46
laguna,20,MX,Mon Apr  1 08:29:12 2019,63,27.52,-110.01,60.42,2.15
albany,1,US,Mon Apr  1 08:27:06 2019,60,42.65,-73.75,33.01,18.34
birao,0,CF,Mon Apr  1 08:29:12 2019,15,10.3,22.78,93.72,17.58
champerico,36,MX,Mon Apr  1 08:29:13 2019,82,16.38,-93.6,67.98,5.5
forio,44,IT,Mon Apr  1 08:29:05 2019,87,40.73,13.86,60.01,2.24
longyearbyen,20,NO,Mon Apr  1 07:50:00 2019,71,78.22,15.63,6.8,8.05
broome,20,GB,Mon Apr  1 08:29:00 2019,70,52.47,1.45,48.99,12.75
butaritari,80,KI,Mon Apr  1 08:28:26 2019,99,3.07,172.79,84,13.67
bubaque,0,GW,Mon Apr  1 08:29:14 2019,85,11.28,-15.83,84.27,9.98
upernavik,56,GL,Mon Apr  1 08:28:25 2019,100,72.79,-56.15,10.65,3.49
new norfolk,75,AU,Mon Apr  1 08:29:14 2019,54,-42.78,147.06,59,6.93
coquimbo,0,CL,Mon Apr  1 07:00:00 2019,81,-29.95,-71.34,53.6,6.93
puerto ayora,0,EC,Mon Apr  1 08:24:37 2019,98,-0.74,-90.35,77.79,4.94
nanortalik,68,GL,Mon Apr  1 08:29:16 2019,100,60.14,-45.24,24.6,13.89
dire,75,ET,Mon Apr  1 08:00:00 2019,43,9.18,38.92,69.8,6.93
sharlyk,0,RU,Mon Apr  1 08:29:16 2019,89,52.93,54.74,35.67,16.91
aleksandrovskiy zavod,56,RU,Mon Apr  1 08:29:17 2019,45,50.92,117.94,29.37,5.61
hilo,20,US,Mon Apr  1 08:28:16 2019,94,19.71,-155.08,73,1.59
provideniya,68,RU,Mon Apr  1 08:29:17 2019,95,64.42,-173.23,28.83,5.61
avarua,36,CK,Mon Apr  1 08:00:00 2019,88,-21.21,-159.78,82.4,10.29
turukhansk,88,RU,Mon Apr  1 08:29:21 2019,96,65.8,87.96,30.54,11.99
vostok,12,RU,Mon Apr  1 08:29:22 2019,48,46.45,135.83,27.57,4.83
souillac,0,FR,Mon Apr  1 08:25:33 2019,66,45.6,-0.6,53.01,3.36
lavrentiya,80,RU,Mon Apr  1 08:29:22 2019,94,65.58,-170.99,27.39,3.6
songjianghe,64,CN,Mon Apr  1 08:29:22 2019,43,42.18,127.48,29.55,8.86
evensk,88,RU,Mon Apr  1 08:29:23 2019,83,61.92,159.24,32.97,17.58
hwange,0,ZW,Mon Apr  1 08:29:23 2019,32,-18.35,26.5,87.42,11.1
roald,75,NO,Mon Apr  1 08:25:02 2019,60,62.58,6.12,42.8,20.8
punta arenas,75,CL,Mon Apr  1 08:22:25 2019,87,-53.16,-70.91,50,6.93
gamba,20,CN,Mon Apr  1 08:29:24 2019,69,28.28,88.52,24.33,10.98
adrar,0,DZ,Mon Apr  1 08:00:00 2019,63,27.87,-0.29,60.8,6.93
atuona,36,PF,Mon Apr  1 08:29:25 2019,99,-9.8,-139.03,82.38,13.44
panshi,80,CN,Mon Apr  1 08:29:25 2019,38,42.94,126.05,37.11,7.85
nador,20,MA,Mon Apr  1 08:00:00 2019,77,35.17,-2.93,62.6,3.6
fortuna,75,ES,Mon Apr  1 08:28:40 2019,87,38.18,-1.13,60.01,4.7
san ignacio,76,CL,Mon Apr  1 07:00:00 2019,100,-36.8,-72.03,51.8,3.36
praya,40,ID,Mon Apr  1 07:30:00 2019,70,-8.71,116.27,86,6.93
urengoy,20,RU,Mon Apr  1 08:29:27 2019,96,65.96,78.37,27.75,13.11
geraldton,20,CA,Mon Apr  1 08:00:00 2019,61,49.72,-86.95,17.6,6.93
havre-saint-pierre,90,CA,Mon Apr  1 08:14:00 2019,98,50.23,-63.6,32,10.29
denpasar,40,ID,Mon Apr  1 07:30:00 2019,66,-8.65,115.22,87.8,5.82
reshetylivka,0,UA,Mon Apr  1 08:29:28 2019,74,49.56,34.08,56.1,13.33
khandbari,24,NP,Mon Apr  1 08:25:46 2019,72,27.38,87.21,41.7,0.36
lorengau,56,PG,Mon Apr  1 08:29:29 2019,95,-2.02,147.27,83.55,11.77
terrace,5,CA,Mon Apr  1 08:16:08 2019,60,54.52,-128.61,41,11.41
bonavista,92,CA,Mon Apr  1 08:15:08 2019,88,48.65,-53.11,34,7
pokaran,0,IN,Mon Apr  1 08:29:30 2019,24,26.93,71.92,99.03,9.42
khatanga,32,RU,Mon Apr  1 08:29:30 2019,95,71.98,102.47,30.18,3.71
bredasdorp,40,ZA,Mon Apr  1 08:15:24 2019,45,-34.53,20.04,66.2,11.41
mackay,20,CA,Mon Apr  1 08:00:00 2019,92,53.65,-115.58,30.2,3.36
dayong,0,PH,Mon Apr  1 08:29:31 2019,91,11.74,122.04,82.74,16.02
tasiilaq,8,GL,Mon Apr  1 07:50:00 2019,73,65.61,-37.64,21.2,5.82
kamuli,0,UG,Mon Apr  1 08:29:32 2019,87,0.94,33.12,82.47,5.95
los llanos de aridane,20,ES,Mon Apr  1 08:26:00 2019,67,28.66,-17.92,62.6,4.7
hithadhoo,36,MV,Mon Apr  1 08:29:32 2019,100,-0.6,73.08,83.37,4.05
esperance,20,TT,Mon Apr  1 08:25:06 2019,88,10.24,-61.45,75.2,5.17
kavieng,68,PG,Mon Apr  1 08:28:20 2019,98,-2.57,150.8,84.45,8.52
sistranda,75,NO,Mon Apr  1 08:29:23 2019,86,63.73,8.83,39.2,34.45
san quintin,36,PH,Mon Apr  1 08:29:33 2019,61,17.54,120.52,81.3,2.26
saint-augustin,0,FR,Mon Apr  1 08:20:40 2019,81,44.83,-0.61,57.2,4.7
kefamenanu,68,ID,Mon Apr  1 08:29:34 2019,96,-9.45,124.48,70.14,0.47
ilulissat,0,GL,Mon Apr  1 07:50:00 2019,56,69.22,-51.1,12.2,21.92
mar del plata,24,AR,Mon Apr  1 08:28:19 2019,48,-46.43,-67.52,62.4,14.45
rocha,80,UY,Mon Apr  1 08:29:35 2019,96,-34.48,-54.34,59.52,3.38
sibolga,92,ID,Mon Apr  1 08:29:35 2019,93,1.74,98.78,73.29,1.48
zhigansk,88,RU,Mon Apr  1 08:29:36 2019,72,66.77,123.37,29.01,8.63
wanning,40,AT,Mon Apr  1 08:28:24 2019,61,48.64,13.53,54,14.99
wenling,0,CN,Mon Apr  1 08:26:48 2019,39,28.38,121.38,63,3
kahului,40,US,Mon Apr  1 08:24:42 2019,78,20.89,-156.47,73.99,4.7
dhidhdhoo,8,MV,Mon Apr  1 08:29:37 2019,100,6.88,73.1,83.37,1.36
mutoko,0,ZW,Mon Apr  1 08:29:37 2019,74,-17.4,32.23,74.82,3.71
nikko,92,JP,Mon Apr  1 08:29:37 2019,73,36.75,139.62,41.34,2.37
komsomolskiy,68,RU,Mon Apr  1 08:29:38 2019,92,67.55,63.78,26.49,19.71
shitanjing,12,CN,Mon Apr  1 08:29:38 2019,14,39.23,106.34,63.12,3.83
camacha,20,PT,Mon Apr  1 08:00:00 2019,67,33.08,-16.33,60.8,9.17
fuyu,80,CN,Mon Apr  1 08:29:39 2019,28,47.79,124.46,40.35,9.64
providencia,36,CO,Mon Apr  1 08:25:36 2019,97,1.24,-77.6,51.42,1.92
zenzeli,56,RU,Mon Apr  1 08:29:39 2019,57,45.92,47.05,53.49,22.84
iquitos,75,PE,Mon Apr  1 08:00:00 2019,94,-3.75,-73.25,77,2.24
thaba nchu,0,ZA,Mon Apr  1 08:00:00 2019,53,-29.2,26.83,75.2,4.7
puerto madryn,0,AR,Mon Apr  1 08:29:40 2019,75,-42.77,-65.04,61.59,11.43
maputo,0,MZ,Mon Apr  1 08:00:00 2019,51,-25.97,32.57,86,14.99
hun,20,BE,Mon Apr  1 08:29:35 2019,81,50.34,4.87,48.99,8.05
zhangye,48,CN,Mon Apr  1 08:29:41 2019,65,38.94,100.46,54.12,4.72
kieta,92,PG,Mon Apr  1 08:29:42 2019,100,-6.22,155.63,74.91,3.27
jacqueville,40,CI,Mon Apr  1 07:30:00 2019,94,5.21,-4.42,82.4,5.82
bethel,1,US,Mon Apr  1 07:56:00 2019,80,60.79,-161.76,35.6,10.29
pacific grove,1,US,Mon Apr  1 08:29:16 2019,71,36.62,-121.92,57,4.7
palauig,80,PH,Mon Apr  1 08:29:44 2019,73,15.44,119.9,83.28,6.4
ostrovnoy,24,RU,Mon Apr  1 08:29:44 2019,90,68.05,39.51,24.6,21.39
mayo,5,CA,Mon Apr  1 08:00:00 2019,86,63.59,-135.9,28.4,2.24
iskateley,88,RU,Mon Apr  1 08:29:45 2019,95,67.68,53.15,30.09,22.06
margate,75,AU,Mon Apr  1 08:29:14 2019,54,-43.03,147.26,59,6.93
buta,24,CD,Mon Apr  1 08:29:46 2019,76,2.79,24.73,83.28,3.04
ewa beach,1,US,Mon Apr  1 08:29:33 2019,78,21.32,-158.01,75.2,5.82
arlit,36,NE,Mon Apr  1 08:29:46 2019,40,18.74,7.39,83.55,5.95
lima,75,PE,Mon Apr  1 08:25:03 2019,88,-12.06,-77.04,69.01,14.99
nadym,0,RU,Mon Apr  1 08:29:47 2019,94,65.53,72.51,30.54,10.65
zeya,0,RU,Mon Apr  1 08:29:47 2019,36,53.74,127.27,27.66,3.71
inyonga,44,TZ,Mon Apr  1 08:29:47 2019,67,-6.72,32.06,78.96,6.73
tazovskiy,0,RU,Mon Apr  1 08:29:48 2019,93,67.47,78.7,26.76,13.44
sao joao da barra,68,BR,Mon Apr  1 08:29:48 2019,100,-21.64,-41.05,76.8,6.06
mozarlandia,0,BR,Mon Apr  1 08:29:48 2019,87,-14.74,-50.57,67.62,2.71
pozzallo,0,IT,Mon Apr  1 08:29:25 2019,58,44.81,9.34,66,6.93
maubeuge,0,BE,Mon Apr  1 08:29:35 2019,70,50.28,3.97,46.99,11.41
ormara,0,PK,Mon Apr  1 08:29:49 2019,63,25.21,64.64,83.64,11.43
hamilton,40,BM,Mon Apr  1 08:16:19 2019,88,32.3,-64.78,66.2,11.41
constitucion,0,MX,Mon Apr  1 08:29:50 2019,68,23.99,-104.67,48.72,5.95
ancud,90,CL,Mon Apr  1 08:00:00 2019,100,-41.87,-73.83,50,4.7
zapadnaya dvina,44,RU,Mon Apr  1 08:29:51 2019,64,56.26,32.09,39.27,18.03
fairbanks,1,US,Mon Apr  1 08:25:03 2019,80,64.84,-147.72,32,1.7
touros,75,BR,Mon Apr  1 08:00:00 2019,100,-5.2,-35.46,75.2,5.82
seoul,75,KR,Mon Apr  1 08:10:00 2019,25,37.57,126.98,50,4.7
huangcun,88,CN,Mon Apr  1 08:29:52 2019,87,23.83,115.22,63.3,3.49
buzmeyin,90,TM,Mon Apr  1 07:00:00 2019,71,38.05,58.21,51.8,20.8
henties bay,0,NA,Mon Apr  1 08:02:13 2019,74,-22.12,14.28,71.01,7
saldanha,12,PT,Mon Apr  1 08:29:53 2019,66,41.42,-6.55,51.33,3.94
la paz,0,MX,Mon Apr  1 08:00:26 2019,61,24.15,-110.32,48.99,3.38
jurilovca,0,RO,Mon Apr  1 08:00:00 2019,39,44.77,28.87,63,13.87
takoradi,8,GH,Mon Apr  1 08:29:54 2019,93,4.89,-1.75,83.82,5.61
dikson,64,RU,Mon Apr  1 08:26:45 2019,100,73.51,80.55,26.04,24.85
letenye,0,HR,Mon Apr  1 08:25:58 2019,62,46.43,16.72,59,12.75
nelson bay,90,AU,Mon Apr  1 08:20:35 2019,100,-32.72,152.14,64,4.7
ponta do sol,44,BR,Mon Apr  1 08:29:56 2019,84,-20.63,-46,65.73,2.93
sulangan,64,PH,Mon Apr  1 08:29:56 2019,93,11.14,123.72,84.27,10.65
mahebourg,40,MU,Mon Apr  1 08:24:02 2019,70,-20.41,57.7,86,6.93
pochutla,48,MX,Mon Apr  1 08:16:15 2019,72,15.74,-96.47,77,1.92
shelburne,20,CA,Mon Apr  1 08:28:02 2019,79,44.08,-80.2,23,5.82
port augusta,0,AU,Mon Apr  1 08:26:36 2019,49,-32.49,137.76,73.99,9.17
san angelo,8,US,Mon Apr  1 08:25:12 2019,53,31.46,-100.44,43,1.99
peterhead,20,AU,Mon Apr  1 08:29:31 2019,55,-34.83,138.5,68,9.17
cururupu,92,BR,Mon Apr  1 08:29:59 2019,100,-1.82,-44.87,71.76,4.16
thompson,40,CA,Mon Apr  1 08:00:00 2019,66,55.74,-97.86,15.8,5.82
cherskiy,36,RU,Mon Apr  1 08:30:00 2019,71,68.75,161.3,9.12,5.06
namibe,8,AO,Mon Apr  1 08:30:00 2019,98,-15.19,12.15,80.22,0.02
hasaki,75,JP,Mon Apr  1 08:24:36 2019,57,35.73,140.83,48.99,5.82
havelock,90,US,Mon Apr  1 08:25:57 2019,42,34.88,-76.9,48.99,17.22
nongan,75,CN,Mon Apr  1 07:00:00 2019,17,44.43,125.17,42.8,8.95
rojhan,0,PK,Mon Apr  1 08:30:03 2019,39,28.69,69.95,92.1,2.04
umm lajj,0,SA,Mon Apr  1 08:30:04 2019,71,25.02,37.27,71.4,6.62
lata,44,IN,Mon Apr  1 08:28:25 2019,69,30.78,78.62,53.4,1.25
marawi,80,PH,Mon Apr  1 08:16:15 2019,85,8,124.29,79,8.01
qaanaaq,56,GL,Mon Apr  1 08:28:22 2019,72,77.48,-69.36,0.12,5.73
nuuk,0,GL,Mon Apr  1 07:50:00 2019,62,64.17,-51.74,19.4,16.11
bonnyville,75,CA,Mon Apr  1 08:00:00 2019,69,54.27,-110.74,35.6,9.17
salmon arm,8,CA,Mon Apr  1 08:16:17 2019,96,50.7,-119.29,37.99,1.14
saskylakh,8,RU,Mon Apr  1 08:30:14 2019,89,71.97,114.09,28.02,12.21
nago,0,IT,Mon Apr  1 08:30:13 2019,36,45.88,10.89,71.01,4.7
port hardy,5,CA,Mon Apr  1 07:00:00 2019,86,50.7,-127.42,32,3.36
teahupoo,20,PF,Mon Apr  1 08:22:21 2019,83,-17.83,-149.27,80.6,5.82
ibra,0,OM,Mon Apr  1 08:30:15 2019,29,22.69,58.55,91.2,3.38
goure,8,NE,Mon Apr  1 08:30:16 2019,13,13.98,10.27,92.91,11.99
vondrozo,80,MG,Mon Apr  1 08:30:16 2019,74,-22.82,47.32,80.94,4.5
bulgan,0,MN,Mon Apr  1 08:30:17 2019,22,48.81,103.53,51.24,3.71
okhotsk,0,RU,Mon Apr  1 08:30:17 2019,67,59.36,143.24,30.72,6.85
morondava,0,MG,Mon Apr  1 08:30:18 2019,65,-20.3,44.28,88.59,5.95
haines junction,0,CA,Mon Apr  1 08:30:18 2019,73,60.75,-137.51,16.32,2.15
vanimo,92,PG,Mon Apr  1 08:30:19 2019,100,-2.67,141.3,82.74,16.58
yashkul,32,RU,Mon Apr  1 08:30:19 2019,63,46.17,45.34,54.57,22.06
muroto,40,JP,Mon Apr  1 08:00:00 2019,34,33.37,134.14,50,17.22
aykhal,68,RU,Mon Apr  1 08:30:19 2019,77,65.95,111.51,34.05,7.63
saint anthony,90,US,Mon Apr  1 08:28:23 2019,64,43.97,-111.68,39,4.7
sao felix do xingu,36,BR,Mon Apr  1 08:30:21 2019,100,-6.64,-51.99,72.3,2.15
navalcarnero,75,ES,Mon Apr  1 08:30:10 2019,87,40.29,-4.01,53.01,5.82
luderitz,0,NA,Mon Apr  1 08:30:21 2019,85,-26.65,15.16,66.09,16.24
sitka,88,US,Mon Apr  1 08:16:24 2019,68,37.17,-99.65,35.01,1.99
wewak,36,PG,Mon Apr  1 08:30:22 2019,84,-3.55,143.63,80.4,3.83
la ronge,90,CA,Mon Apr  1 08:00:00 2019,58,55.1,-105.3,30.2,8.05
oxchuc,12,MX,Mon Apr  1 08:30:22 2019,93,16.78,-92.34,55.74,1.25
gaya,44,IN,Mon Apr  1 07:00:00 2019,46,24.8,85.01,91.4,9.17
salamanca,0,ES,Mon Apr  1 08:24:49 2019,81,40.97,-5.66,51.01,4.5
inuvik,90,CA,Mon Apr  1 08:00:00 2019,79,68.36,-133.71,23,5.82
bollnas,0,SE,Mon Apr  1 08:30:24 2019,46,61.35,16.39,36.3,7.18
acapulco,0,MX,Mon Apr  1 08:27:49 2019,77,16.86,-99.88,68.34,3.49
vao,0,EE,Mon Apr  1 08:28:18 2019,81,59.1,26.19,36.75,9.42
dingle,0,PH,Mon Apr  1 08:30:24 2019,29,11,122.67,88.23,14
wyndham,20,GB,Mon Apr  1 08:30:16 2019,86,51.61,-3.54,46,14.99
padilla,75,CO,Mon Apr  1 08:00:00 2019,94,3.23,-76.31,69.8,1.59
nantucket,1,US,Mon Apr  1 08:30:23 2019,64,41.28,-70.1,37.4,17.22
xichang,92,CN,Mon Apr  1 08:29:50 2019,29,27.88,102.25,75,2.26
issoudun,0,FR,Mon Apr  1 08:30:14 2019,66,46.95,1.99,53.01,5.82
tocopilla,48,CL,Mon Apr  1 08:30:26 2019,100,-22.09,-70.2,59.7,4.05
roma,0,IT,Mon Apr  1 08:29:04 2019,66,41.89,12.48,61,4.7
traverse city,1,US,Mon Apr  1 08:26:56 2019,85,44.76,-85.62,23,7.29
honiara,80,SB,Mon Apr  1 08:30:27 2019,93,-9.43,159.96,76.89,2.04
eston,75,CA,Mon Apr  1 08:21:34 2019,66,51.15,-108.75,32,12.75
mweka,0,CD,Mon Apr  1 08:30:28 2019,77,-4.85,21.56,83.19,4.83
manakara,88,MG,Mon Apr  1 08:30:29 2019,98,-22.14,48.01,78.33,3.94
palmer,20,AU,Mon Apr  1 08:30:30 2019,55,-34.85,139.16,68,9.17
surin,40,TH,Mon Apr  1 08:23:11 2019,49,14.88,103.49,98.01,3.36
willmar,1,US,Mon Apr  1 08:30:03 2019,92,45.12,-95.04,32,11.41
price,1,US,Mon Apr  1 08:25:08 2019,48,39.6,-110.81,39.2,4.7
chumikan,44,RU,Mon Apr  1 08:30:31 2019,63,54.72,135.31,27.66,4.05
diebougou,20,BF,Mon Apr  1 08:30:31 2019,45,10.97,-3.25,91.02,7.18
san cristobal,75,EC,Mon Apr  1 08:15:49 2019,93,-0.39,-78.55,57.2,2.24
cercal,12,PT,Mon Apr  1 08:16:19 2019,92,37.8,-8.67,55.99,1.01
kaysville,1,US,Mon Apr  1 08:30:31 2019,51,41.03,-111.94,42.8,11.41
dicabisagan,36,PH,Mon Apr  1 08:30:33 2019,96,17.08,122.42,78.6,6.4
tomatlan,0,MX,Mon Apr  1 08:30:33 2019,86,19.93,-105.25,56.82,2.26
pampierstad,0,ZA,Mon Apr  1 08:30:34 2019,23,-27.78,24.69,79.14,9.42
leningradskiy,88,RU,Mon Apr  1 08:28:28 2019,86,69.38,178.42,10.92,14.45
fare,0,PF,Mon Apr  1 08:30:34 2019,98,-16.7,-151.02,84.54,5.17
hermiston,1,US,Mon Apr  1 08:26:19 2019,70,45.84,-119.29,50,4.7
caravelas,0,BR,Mon Apr  1 08:30:35 2019,100,-17.73,-39.27,80.67,9.19
quatre cocos,40,MU,Mon Apr  1 08:29:02 2019,70,-20.21,57.76,86,6.93
san juan,20,PR,Mon Apr  1 08:30:31 2019,83,18.47,-66.12,75.2,6.73
sobolevo,0,RU,Mon Apr  1 08:30:38 2019,62,54.43,31.9,40.17,16.69
iroquois falls,5,CA,Mon Apr  1 08:00:00 2019,84,48.76,-80.69,1.4,4.7
makokou,0,GA,Mon Apr  1 08:30:38 2019,76,0.56,12.85,83.91,3.04
narsaq,8,GL,Mon Apr  1 07:50:00 2019,39,60.91,-46.05,12.2,5.82
sinnamary,92,GF,Mon Apr  1 08:30:39 2019,99,5.38,-52.96,78.42,9.31
ust-barguzin,0,RU,Mon Apr  1 08:30:40 2019,50,53.41,109.03,35.94,2.48
clyde river,90,CA,Mon Apr  1 08:00:00 2019,84,70.47,-68.59,-0.41,11.41
mehamn,75,NO,Mon Apr  1 07:50:00 2019,58,71.03,27.85,32,12.75
tehachapi,1,US,Mon Apr  1 08:26:21 2019,75,35.13,-118.45,57.99,6.93
black river,20,JM,Mon Apr  1 08:00:00 2019,78,18.03,-77.85,77,4.7
yeppoon,8,AU,Mon Apr  1 07:30:00 2019,57,-23.13,150.74,78.8,13.87
sao filipe,0,CV,Mon Apr  1 08:30:41 2019,98,14.9,-24.5,70.05,15.01
san vicente,75,SV,Mon Apr  1 07:50:00 2019,83,13.64,-88.78,80.6,3.36
boa vista,0,BR,Mon Apr  1 08:00:00 2019,58,2.82,-60.67,82.4,11.41
labuhan,32,ID,Mon Apr  1 08:30:43 2019,97,-2.54,115.51,78.15,1.7
vikindu,75,TZ,Mon Apr  1 08:00:00 2019,79,-6.98,39.3,86,8.05
praia da vitoria,40,PT,Mon Apr  1 08:16:06 2019,76,38.73,-27.07,57.2,27.31
bandarbeyla,0,SO,Mon Apr  1 08:30:44 2019,100,9.49,50.81,81.03,7.29
kachhwa,0,IN,Mon Apr  1 07:30:00 2019,12,25.21,82.72,96.8,11.41
pilar,0,AR,Mon Apr  1 08:30:33 2019,88,-34.46,-58.91,71.6,4.7
kavaratti,12,IN,Mon Apr  1 08:30:46 2019,100,10.57,72.64,83.01,7.29
aklavik,90,CA,Mon Apr  1 08:00:00 2019,79,68.22,-135.01,23,5.82
ternate,40,PH,Mon Apr  1 08:29:23 2019,58,14.29,120.72,91,18.34
hirara,75,JP,Mon Apr  1 08:00:00 2019,68,24.8,125.28,64.4,13.87
solvychegodsk,0,RU,Mon Apr  1 08:30:47 2019,78,61.33,46.92,33.6,10.76
dargaville,100,NZ,Mon Apr  1 08:30:47 2019,97,-35.94,173.86,65.46,5.61
upington,0,ZA,Mon Apr  1 08:00:00 2019,37,-28.46,21.24,66.2,6.93
torbay,90,CA,Mon Apr  1 08:27:00 2019,100,47.66,-52.73,46.4,11.41
gambela,32,ET,Mon Apr  1 08:30:48 2019,23,8.25,34.59,87.69,2.82
luorong,64,CN,Mon Apr  1 08:30:49 2019,91,24.41,109.6,65.73,4.61
kasongo-lunda,92,CD,Mon Apr  1 08:30:49 2019,89,-6.48,16.82,75.27,4.38
qaqortoq,24,GL,Mon Apr  1 07:50:00 2019,39,60.72,-46.03,12.2,5.82
sosnovoborsk,40,RU,Mon Apr  1 08:00:00 2019,51,56.12,93.34,37.4,22.37
ust-omchug,64,RU,Mon Apr  1 08:30:50 2019,73,61.13,149.63,14.97,8.63
balsta,0,SE,Mon Apr  1 08:28:11 2019,55,59.57,17.53,43,4.7
paraiso,0,MX,Mon Apr  1 08:30:50 2019,68,24.01,-104.61,48.72,5.95
salina,1,US,Mon Apr  1 08:27:23 2019,92,36.29,-95.15,39.2,2.82
nassau,0,DE,Mon Apr  1 08:27:04 2019,60,51.17,13.51,53.01,10.29
vaasa,0,FI,Mon Apr  1 08:30:34 2019,64,63.1,21.62,37,12.75
koforidua,20,GH,Mon Apr  1 07:00:00 2019,88,6.11,-0.27,80.6,6.93
pagudpud,75,PH,Mon Apr  1 08:00:00 2019,66,18.56,120.79,87.8,12.75
lyuban,0,BY,Mon Apr  1 08:30:52 2019,63,52.8,28,41.7,13.78
padang,40,ID,Mon Apr  1 07:00:00 2019,74,-0.92,100.36,84.2,4.7
karachi,0,PK,Mon Apr  1 07:55:00 2019,19,24.87,67.03,98.6,8.05
barrow,76,AR,Mon Apr  1 08:30:53 2019,82,-38.31,-60.23,68.43,7.74
ushtobe,88,KZ,Mon Apr  1 08:30:54 2019,64,45.25,77.98,60.42,21.27
vardo,20,US,Mon Apr  1 08:30:53 2019,50,39.62,-77.74,32,11.41
te anau,80,NZ,Mon Apr  1 08:30:54 2019,79,-45.41,167.72,42.96,4.94
chipiona,0,PE,Mon Apr  1 08:30:54 2019,73,-14.54,-75.2,54.66,2.71
montgomery,1,US,Mon Apr  1 08:27:06 2019,55,32.37,-86.3,44.01,3.36
muros,20,ES,Mon Apr  1 08:30:04 2019,62,42.77,-9.06,57,4.7
mount gambier,75,AU,Mon Apr  1 07:00:00 2019,59,-37.83,140.78,62.6,9.17
tessalit,0,ML,Mon Apr  1 08:30:56 2019,34,20.2,1.01,81.03,11.43
guiratinga,0,BR,Mon Apr  1 08:30:56 2019,83,-16.35,-53.76,70.32,2.71
kantunilkin,5,MX,Mon Apr  1 08:22:20 2019,78,21.1,-87.49,78.8,6.93
salalah,20,OM,Mon Apr  1 07:50:00 2019,66,17.01,54.1,84.2,13.87
lakes entrance,0,AU,Mon Apr  1 08:30:04 2019,69,-37.88,147.99,57.99,4.83
bilibino,80,RU,Mon Apr  1 08:30:57 2019,90,68.06,166.44,13.26,2.59
oussouye,0,SN,Mon Apr  1 08:00:00 2019,88,12.49,-16.54,75.2,4.7
hay river,90,CA,Mon Apr  1 08:00:00 2019,86,60.82,-115.79,33.8,6.93
severo-kurilsk,88,RU,Mon Apr  1 08:26:11 2019,100,50.68,156.12,28.2,3.94
klaksvik,76,FO,Mon Apr  1 07:50:00 2019,81,62.23,-6.59,42.8,19.46
alofi,48,NU,Mon Apr  1 08:00:00 2019,94,-19.06,-169.92,75.2,9.17
guerrero negro,20,MX,Mon Apr  1 08:28:27 2019,46,27.97,-114.04,57.45,4.61
kaspiyskiy,56,RU,Mon Apr  1 08:31:00 2019,75,45.39,47.37,48.72,23.51
paducah,1,US,Mon Apr  1 08:30:06 2019,80,37.08,-88.6,33.8,7.96
nishihara,75,JP,Mon Apr  1 08:30:27 2019,57,35.74,139.53,53.01,5.82
hopelchen,0,MX,Mon Apr  1 08:31:00 2019,49,19.77,-89.85,79.5,3.94
nusaybin,40,TR,Mon Apr  1 08:00:00 2019,67,37.08,41.21,60.8,4.7
vila velha,0,BR,Mon Apr  1 08:28:09 2019,94,-3.71,-38.6,77,2.24
port macquarie,75,AU,Mon Apr  1 08:30:05 2019,64,-31.43,152.91,71.01,10.29
necochea,76,AR,Mon Apr  1 08:26:08 2019,84,-38.55,-58.74,64,3.6
mabaruma,88,GY,Mon Apr  1 08:31:02 2019,87,8.2,-59.78,77.07,6.17
novo aripuana,36,BR,Mon Apr  1 08:31:02 2019,94,-5.12,-60.38,75.63,2.15
gerede,76,TR,Mon Apr  1 08:31:03 2019,72,40.8,32.2,39.54,3.49
lagos,20,NG,Mon Apr  1 07:00:00 2019,94,6.46,3.39,80.6,7.18
panacan,75,PH,Mon Apr  1 08:00:00 2019,62,7.15,125.66,86,10.29
dawson creek,1,CA,Mon Apr  1 08:00:00 2019,80,55.76,-120.23,35.6,4.7
porto novo,75,BR,Mon Apr  1 08:00:00 2019,100,-23.68,-45.44,66.2,2.24
mukhen,20,RU,Mon Apr  1 08:31:05 2019,47,48.19,136.14,27.3,4.94
yulara,0,AU,Mon Apr  1 07:00:00 2019,13,-25.24,130.99,84.2,8.05
broken hill,0,AU,Mon Apr  1 07:00:00 2019,35,-31.97,141.45,71.6,12.75
dongsheng,24,CN,Mon Apr  1 08:31:06 2019,59,29.72,112.52,68.61,6.29
bekwai,24,GH,Mon Apr  1 08:31:06 2019,98,6.46,-1.58,80.85,4.72
griffith,0,AU,Mon Apr  1 07:00:00 2019,37,-34.29,146.06,73.4,3.36
taoudenni,0,ML,Mon Apr  1 08:31:07 2019,43,22.68,-3.98,69.33,5.84
port hedland,0,AU,Mon Apr  1 07:30:00 2019,17,-20.31,118.58,100.4,8.05
karpathos,20,GR,Mon Apr  1 07:50:00 2019,59,35.51,27.21,62.6,17.22
katsuura,75,JP,Mon Apr  1 08:16:00 2019,57,33.93,134.5,50,17.22
anadyr,90,RU,Mon Apr  1 08:22:25 2019,86,64.73,177.51,30.2,29.08
abeche,0,TD,Mon Apr  1 08:00:00 2019,16,13.83,20.83,87.8,13.87
bossangoa,36,CF,Mon Apr  1 08:31:09 2019,76,6.5,17.45,83.37,7.96
punta alta,0,AR,Mon Apr  1 08:00:00 2019,88,-27.46,-55.82,75.2,3.36
khuldabad,0,IN,Mon Apr  1 08:00:00 2019,7,20.05,75.18,102.2,3.36
harper,90,US,Mon Apr  1 08:30:55 2019,74,30.3,-99.24,44.6,3.6
ambatolampy,40,MG,Mon Apr  1 08:00:00 2019,57,-19.39,47.43,80.6,4.7
patea,92,NZ,Mon Apr  1 08:30:10 2019,97,-39.76,174.48,61,7
derzhavinsk,0,KZ,Mon Apr  1 08:31:11 2019,99,51.1,66.31,45.48,5.06
dubai,0,AE,Mon Apr  1 08:00:00 2019,16,25.27,55.3,100.4,13.87
locri,0,IT,Mon Apr  1 08:30:55 2019,51,38.24,16.26,62.01,3.36
adre,0,TD,Mon Apr  1 08:31:12 2019,17,13.47,22.2,91.56,12.77
porto seguro,20,BR,Mon Apr  1 08:00:00 2019,88,-16.44,-39.06,71.6,5.82
lethem,0,GY,Mon Apr  1 08:31:13 2019,71,3.38,-59.8,79.23,11.32
verkh-usugli,0,RU,Mon Apr  1 08:31:13 2019,33,52.7,115.17,34.32,3.94
djibo,0,BF,Mon Apr  1 08:31:13 2019,41,14.1,-1.63,92.82,8.19
hohhot,0,CN,Mon Apr  1 07:00:00 2019,12,40.81,111.65,55.4,4.47
uyuni,8,BO,Mon Apr  1 08:31:14 2019,91,-20.46,-66.82,35.13,3.04
taltal,44,CL,Mon Apr  1 08:31:14 2019,100,-25.41,-70.49,51.96,0.81
drayton valley,36,CA,Mon Apr  1 08:30:42 2019,85,53.22,-114.98,30.45,8.41
igrim,56,RU,Mon Apr  1 08:31:15 2019,57,63.19,64.42,39.09,6.17
ambatondrazaka,8,MG,Mon Apr  1 08:31:15 2019,56,-17.82,48.43,82.74,2.93
alyangula,40,AU,Mon Apr  1 07:00:00 2019,74,-13.85,136.42,82.4,5.82
norman wells,90,CA,Mon Apr  1 08:00:00 2019,92,65.28,-126.83,32,19.46
hami,56,CN,Mon Apr  1 08:31:16 2019,36,42.84,93.51,70.95,3.6
karratha,0,AU,Mon Apr  1 08:31:17 2019,17,-20.74,116.85,101.55,6.96
pangai,32,TO,Mon Apr  1 08:31:17 2019,100,-19.8,-174.35,80.49,19.26
beira,0,ES,Mon Apr  1 08:31:13 2019,93,43.2,-8.36,57,3.36
ayan,24,TR,Mon Apr  1 08:31:18 2019,51,40.67,33.6,48.45,3.15
port elizabeth,1,US,Mon Apr  1 08:27:50 2019,42,39.31,-74.98,34,13.87
zakamensk,0,RU,Mon Apr  1 08:31:18 2019,27,50.38,103.29,50.16,3.71
pevek,68,RU,Mon Apr  1 08:28:29 2019,68,69.7,170.27,7.77,2.93
kardla,20,EE,Mon Apr  1 08:30:15 2019,64,58.44,26.57,41,12.75
inta,44,RU,Mon Apr  1 08:31:19 2019,72,66.04,60.13,30.99,6.96
dosso,80,NE,Mon Apr  1 08:31:20 2019,28,13.05,3.19,94.08,5.73
bathsheba,20,BB,Mon Apr  1 08:00:00 2019,73,13.22,-59.52,77,16.11
viedma,8,AR,Mon Apr  1 08:31:20 2019,77,-40.81,-62.99,70.23,13.89
port lincoln,32,AU,Mon Apr  1 08:28:23 2019,86,-34.72,135.86,64.47,4.61
bar-le-duc,0,FR,Mon Apr  1 08:30:41 2019,58,48.77,5.16,54,16.11
nouadhibou,20,MR,Mon Apr  1 08:00:00 2019,82,20.93,-17.03,60.8,17.22
deputatskiy,0,RU,Mon Apr  1 08:31:21 2019,77,69.3,139.9,9.75,3.71
along,92,IN,Mon Apr  1 08:31:22 2019,97,28.17,94.8,58.98,0.69
tuatapere,92,NZ,Mon Apr  1 08:31:22 2019,100,-46.13,167.69,49.17,19.82
atyrau,0,KZ,Mon Apr  1 08:00:00 2019,37,47.1,51.92,55.4,22.37
maragogi,64,BR,Mon Apr  1 08:29:22 2019,95,-9.01,-35.22,77.79,4.94
gambo,0,NG,Mon Apr  1 08:31:23 2019,21,11.96,9.63,91.83,12.44
itapetinga,80,BR,Mon Apr  1 08:30:25 2019,93,-15.25,-40.25,67.71,2.59
schrobenhausen,8,DE,Mon Apr  1 08:31:15 2019,75,48.56,11.27,53.01,5.82
manokwari,76,ID,Mon Apr  1 08:27:15 2019,100,-0.87,134.08,81.3,13.67
moose factory,75,CA,Mon Apr  1 08:12:00 2019,61,51.26,-80.61,15.8,9.17
paamiut,36,GL,Mon Apr  1 08:31:24 2019,100,61.99,-49.67,22.53,14
ratangarh,0,IN,Mon Apr  1 08:31:24 2019,14,28.07,74.62,98.76,6.73
iwanai,68,JP,Mon Apr  1 08:31:25 2019,99,42.97,140.51,35.13,3.94
sarab,80,IR,Mon Apr  1 08:31:25 2019,92,38.61,44.99,41.07,3.83
dracena,20,BR,Mon Apr  1 08:31:26 2019,64,-21.48,-51.54,73.65,7.63
makakilo city,1,US,Mon Apr  1 08:24:33 2019,78,21.35,-158.09,75.2,5.82
pathein,0,MM,Mon Apr  1 08:31:26 2019,38,16.78,94.73,95.25,8.86
beloha,0,MG,Mon Apr  1 08:31:27 2019,43,-25.17,45.06,86.07,4.72
hoshangabad,0,IN,Mon Apr  1 08:31:27 2019,25,22.75,77.72,99.57,4.72
melito di porto salvo,0,IT,Mon Apr  1 08:31:21 2019,51,37.92,15.77,66.99,3.36
minot,90,US,Mon Apr  1 08:26:03 2019,80,48.23,-101.3,32,4.7
mogadishu,0,SO,Mon Apr  1 08:31:28 2019,100,2.04,45.34,82.65,13
juneau,1,US,Mon Apr  1 07:56:00 2019,80,58.3,-134.42,33.8,3.36
carbonia,0,IT,Mon Apr  1 08:30:44 2019,62,39.17,8.53,59,8.05
murgab,0,TM,Mon Apr  1 08:00:00 2019,43,37.5,61.97,55.4,13.87
thinadhoo,80,MV,Mon Apr  1 08:28:42 2019,100,0.53,72.93,82.83,2.82
nome,1,US,Mon Apr  1 08:23:36 2019,86,30.04,-94.42,45,5.95
ewo,0,CG,Mon Apr  1 08:31:30 2019,76,-0.88,14.81,86.34,5.39
kiomboi,24,TZ,Mon Apr  1 08:31:30 2019,66,-4.28,34.41,82.29,6.51
carutapera,92,BR,Mon Apr  1 08:31:30 2019,100,-1.2,-46.02,73.2,3.83
dali,36,CN,Mon Apr  1 08:31:31 2019,53,25.6,100.24,64.92,6.17
hobyo,0,SO,Mon Apr  1 08:31:32 2019,69,5.35,48.53,85.98,11.43
alakurtti,44,RU,Mon Apr  1 08:29:14 2019,51,66.96,30.34,32,11.99
baykit,88,RU,Mon Apr  1 08:31:32 2019,98,61.68,96.39,34.5,10.2
chingirlau,0,KZ,Mon Apr  1 08:31:33 2019,90,51.09,54.08,39,12.21
orikum,0,AL,Mon Apr  1 08:31:33 2019,99,40.33,19.47,59.07,5.95
sayyan,0,YE,Mon Apr  1 08:31:33 2019,18,15.17,44.32,78.96,6.96
ponta delgada,75,PT,Mon Apr  1 08:00:00 2019,76,37.73,-25.67,55.4,12.75
khandyga,0,RU,Mon Apr  1 08:31:34 2019,53,62.65,135.58,21.18,3.6
porto empedocle,75,IT,Mon Apr  1 08:31:06 2019,54,37.29,13.53,62.01,3.36
tiksi,0,RU,Mon Apr  1 08:31:35 2019,71,71.64,128.87,26.85,7.29
bertoua,0,CM,Mon Apr  1 08:27:36 2019,81,4.58,13.68,83.91,5.61
college,1,US,Mon Apr  1 08:30:12 2019,80,64.86,-147.8,37.4,1.7
alibag,0,IN,Mon Apr  1 08:00:00 2019,58,18.64,72.88,89.6,11.41
peniche,20,PT,Mon Apr  1 08:26:01 2019,93,39.36,-9.38,57.2,2.24
vicksburg,1,US,Mon Apr  1 08:17:01 2019,60,32.35,-90.88,44.6,5.82
tubuala,20,PA,Mon Apr  1 08:30:54 2019,83,9.52,-79.03,78.01,2.24
kochki,0,RU,Mon Apr  1 08:31:37 2019,96,54.33,80.49,39.99,11.21
tipuani,100,BO,Mon Apr  1 08:31:37 2019,90,-15.56,-68.02,66.54,1.81
abu dhabi,0,AE,Mon Apr  1 08:00:00 2019,14,24.47,54.37,98.6,10.29
concordia,8,AR,Mon Apr  1 08:26:52 2019,98,-31.4,-58.02,70,3.94
baglan,20,GB,Mon Apr  1 08:31:19 2019,86,51.62,-3.81,46.99,14.99
viesca,0,MX,Mon Apr  1 08:30:48 2019,61,25.34,-102.81,52,2.59
batemans bay,64,AU,Mon Apr  1 08:24:41 2019,74,-35.71,150.18,63,3.38
micheweni,36,TZ,Mon Apr  1 08:31:42 2019,100,-4.97,39.83,82.92,8.75
pamanukan,68,ID,Mon Apr  1 08:31:42 2019,100,-6.28,107.82,81.57,2.04
santa maria,0,BR,Mon Apr  1 08:31:44 2019,88,-29.69,-53.81,61.14,3.71
vilhena,92,BR,Mon Apr  1 08:31:45 2019,92,-12.74,-60.15,73.29,1.81
great yarmouth,20,GB,Mon Apr  1 08:31:41 2019,70,52.61,1.73,50,12.75
yeniseysk,64,RU,Mon Apr  1 08:31:46 2019,76,58.45,92.17,35.94,10.76
half moon bay,1,US,Mon Apr  1 08:31:46 2019,66,37.46,-122.43,55.99,3.36
yokadouma,0,CM,Mon Apr  1 08:31:46 2019,74,3.52,15.05,84.09,3.27
katiola,40,CI,Mon Apr  1 07:00:00 2019,94,8.14,-5.1,71.6,6.93
lithgow,90,AU,Mon Apr  1 08:30:41 2019,72,-33.48,150.16,66.99,9.17
qeshm,75,IR,Mon Apr  1 08:00:00 2019,34,26.96,56.27,93.2,6.93
tynda,0,RU,Mon Apr  1 08:31:48 2019,47,55.15,124.74,27.84,4.72
capoterra,0,IT,Mon Apr  1 08:30:44 2019,62,39.18,8.97,59,8.05
vestmannaeyjar,40,IS,Mon Apr  1 07:18:00 2019,98,63.44,-20.27,32,12.75
lewistown,75,US,Mon Apr  1 08:31:34 2019,86,40.39,-90.15,33.01,6.17
neftcala,92,AZ,Mon Apr  1 08:31:49 2019,100,39.37,49.25,47.55,5.73
bagru,20,IN,Mon Apr  1 08:00:00 2019,20,26.81,75.54,95,4.7
tongliao,0,CN,Mon Apr  1 08:31:50 2019,39,43.61,122.27,42.96,10.65
tadine,68,NC,Mon Apr  1 08:31:50 2019,100,-21.55,167.88,77.43,10.65
cidreira,0,BR,Mon Apr  1 08:31:51 2019,93,-30.17,-50.22,66.09,6.4
jeremie,0,HT,Mon Apr  1 08:31:51 2019,100,18.65,-74.12,73.74,6.29
lebane,0,RS,Mon Apr  1 08:31:25 2019,40,42.92,21.74,59,2.24
kutum,0,SD,Mon Apr  1 08:31:52 2019,18,14.2,24.66,83.73,9.42
mindelo,0,PT,Mon Apr  1 08:27:17 2019,67,41.31,-8.72,59,8.05
amahai,68,ID,Mon Apr  1 08:31:52 2019,98,-3.31,129,84.63,10.54
machinga,20,MW,Mon Apr  1 08:00:00 2019,54,-15.18,35.3,80.6,5.82
kristiansund,75,NO,Mon Apr  1 07:50:00 2019,60,63.12,7.73,41,27.51
iqaluit,75,CA,Mon Apr  1 08:00:00 2019,77,63.75,-68.52,3.2,6.93
adeje,0,NG,Mon Apr  1 08:31:54 2019,95,5.68,5.76,86.07,4.72
denia,100,ES,Mon Apr  1 08:31:24 2019,84,38.84,0.11,60.01,3
dergachi,0,RU,Mon Apr  1 08:31:54 2019,92,51.24,48.77,38.46,12.77
rio pardo,0,BR,Mon Apr  1 08:31:54 2019,89,-29.98,-52.37,64.29,4.94
emba,40,CY,Mon Apr  1 08:16:08 2019,72,34.81,32.42,62.6,5.82
auki,24,NG,Mon Apr  1 08:31:55 2019,21,12.18,6.51,91.38,13.44
samarai,68,PG,Mon Apr  1 08:31:55 2019,100,-10.62,150.67,80.4,16.46
tonstad,0,NO,Mon Apr  1 08:31:52 2019,59,58.66,6.71,39.99,3.36
evanston,1,US,Mon Apr  1 08:27:05 2019,79,42.04,-87.69,28.99,6.4
tikapur,24,NP,Mon Apr  1 08:31:56 2019,35,28.53,81.12,85.8,2.93
worthington,20,US,Mon Apr  1 08:31:26 2019,79,43.62,-95.6,36,5.82
neuquen,0,AR,Mon Apr  1 08:00:00 2019,49,-38.95,-68.06,68,6.93
inhambane,20,MZ,Mon Apr  1 07:00:00 2019,69,-23.87,35.38,77,4.38
srednekolymsk,0,RU,Mon Apr  1 08:31:57 2019,80,67.46,153.71,15.33,5.73
mitu,92,IR,Mon Apr  1 08:31:58 2019,100,36.2,46.09,39.99,2.71
muyezerskiy,0,RU,Mon Apr  1 08:31:59 2019,59,63.93,31.65,32.25,7.63
baijiantan,0,CN,Mon Apr  1 08:31:59 2019,72,45.63,85.18,66.36,5.17
pingxiang,20,CN,Mon Apr  1 08:31:59 2019,61,27.63,113.85,63.57,4.16
araouane,0,ML,Mon Apr  1 08:32:00 2019,38,18.9,-3.53,79.95,12.77
makurdi,36,NG,Mon Apr  1 08:32:00 2019,67,7.73,8.54,88.59,5.06
nanakuli,1,US,Mon Apr  1 08:29:33 2019,88,21.39,-158.15,75.2,3.36
lewisporte,90,CA,Mon Apr  1 08:31:31 2019,100,49.25,-55.06,45,13.87
ulladulla,75,AU,Mon Apr  1 08:29:22 2019,68,-35.36,150.48,64.4,5.82
westport,75,IE,Mon Apr  1 08:28:13 2019,100,53.8,-9.52,45,5.82
hellin,75,ES,Mon Apr  1 08:30:17 2019,100,38.51,-1.7,50,3.6
brigantine,1,US,Mon Apr  1 08:31:42 2019,47,39.41,-74.36,34,18.34
stevens point,40,US,Mon Apr  1 08:26:28 2019,79,44.52,-89.57,28.99,5.39
tiznit,0,MA,Mon Apr  1 08:30:08 2019,86,29.7,-9.73,59.7,4.5
oshnaviyeh,75,IR,Mon Apr  1 08:00:00 2019,75,37.04,45.1,46.4,9.17
moyale,36,ET,Mon Apr  1 08:32:04 2019,57,3.52,39.05,82.56,8.97
jasper,0,US,Mon Apr  1 08:30:54 2019,64,33.83,-87.28,42.8,6.17
mount isa,0,AU,Mon Apr  1 07:30:00 2019,30,-20.73,139.49,84.2,16.11
avera,1,US,Mon Apr  1 08:30:34 2019,45,33.19,-82.53,48.2,8.05
buraydah,40,SA,Mon Apr  1 08:00:00 2019,32,26.33,43.97,68,19.46
churapcha,0,RU,Mon Apr  1 08:32:06 2019,56,62,132.43,26.22,4.72
aswan,0,EG,Mon Apr  1 08:28:20 2019,36,24.09,32.9,70.77,4.72
sambava,12,MG,Mon Apr  1 08:32:06 2019,100,-14.27,50.17,83.91,9.31
cochrane,8,CL,Mon Apr  1 08:32:07 2019,98,-47.25,-72.57,33.96,1.59
beterou,80,BJ,Mon Apr  1 08:32:07 2019,95,9.2,2.26,79.41,4.94
fort frances,1,CA,Mon Apr  1 08:15:03 2019,92,48.61,-93.4,26.6,3.36
cayenne,88,GF,Mon Apr  1 08:00:00 2019,94,4.94,-52.33,73.4,6.62
kloulklubed,75,PW,Mon Apr  1 07:50:00 2019,78,7.04,134.26,82.4,8.05
benguela,0,AO,Mon Apr  1 08:32:08 2019,84,-12.58,13.4,86.34,3.94
saint-francois,0,FR,Mon Apr  1 08:30:35 2019,75,46.42,3.91,52,1.12
nemuro,40,JP,Mon Apr  1 08:00:00 2019,97,43.32,145.57,32,5.82
varberg,0,SE,Mon Apr  1 08:19:04 2019,55,57.11,12.25,41,3.36
victor harbor,20,AU,Mon Apr  1 08:31:42 2019,55,-35.55,138.62,66.99,9.17
coihaique,0,CL,Mon Apr  1 08:00:00 2019,62,-45.58,-72.07,51.8,27.51
jutai,92,BR,Mon Apr  1 08:32:11 2019,99,-1.71,-47.89,72.66,2.04
mahon,90,IE,Mon Apr  1 08:00:00 2019,87,51.89,-8.4,44.6,4.7
lyambir,92,RU,Mon Apr  1 08:32:11 2019,93,54.28,45.12,34.68,6.51
nagod,0,IN,Mon Apr  1 08:32:12 2019,15,24.57,80.59,98.49,10.65
serenje,0,ZM,Mon Apr  1 08:32:12 2019,62,-13.23,30.22,78.96,8.75
khakhea,48,BW,Mon Apr  1 08:32:12 2019,40,-24.69,23.5,86.34,4.05
kalianget,68,ID,Mon Apr  1 08:32:12 2019,100,-7.74,113.68,79.32,3.6
maamba,0,ZM,Mon Apr  1 08:32:13 2019,32,-17.36,27.22,86.61,6.96
pangnirtung,76,CA,Mon Apr  1 08:32:13 2019,76,66.15,-65.72,4.62,6.17
xining,64,CN,Mon Apr  1 08:32:14 2019,18,36.62,101.77,58.89,8.86
walvis bay,0,NA,Mon Apr  1 08:02:13 2019,56,-22.95,14.51,73.4,5.82
pierre,1,US,Mon Apr  1 08:30:04 2019,85,44.37,-100.35,28.99,3.36
sinjai,56,ID,Mon Apr  1 08:32:15 2019,97,-5.12,120.25,77.25,2.59
